<?xml version="1.0" encoding="utf-8"?>

<extension version="1.0" type="package" method="upgrade">
    <name>Componentes de Evento PIP</name>
    <author>UFG</author>
    <creationDate>2020-12-28</creationDate>
    <packagename>pip</packagename>
    <version>1.0</version>
    <url></url>
    <packager>UFG</packager>
    <packagerurl></packagerurl>
    <copyright>Copyright (c)2020 UFG</copyright>
    <license>GNU GPL v3 or later</license>
    <description>Pacote de instalação de componentes do Evento PIP v.1.0</description>

    <!-- List of extensions to install -->
    <files>
        <!-- Component -->
		<file type="component" id="com_pip_sala">com_pip_sala.zip</file>
		<file type="component" id="com_pip_sessao">com_pip_sessao.zip</file>
		<file type="component" id="com_trabalhos">com_trabalhos.zip</file>
		<file type="component" id="com_pip_avaliacao">com_pip_avaliacao.zip</file>
		<file type="component" id="com_pip_indicacao_premio">com_pip_indicacao_premio.zip</file>

    </files>

    <!-- Installation script -->
    <!--<scriptfile></scriptfile> -->

    <!-- Update servers -->
    <!-- <updateservers> -->
    <!--    <server type="extension" priority="1" name="UFG"></server> -->
    <!-- </updateservers> -->
</extension>
